Fit Score,Organization Name,Last Funding Type,Website,Competitor Comparison Pages,Competitor Comparison Pages/Reasoning,Competitor Comparison Pages/References
100,SGNL.AI,Series A,https://sgnl.ai/,qualified,"No competitor comparison pages found on sgnl.ai. Searched for vs pages, alternatives pages, and comparison landing pages.",[]
100,Artemis,Series A,http://artemisag.com/,qualified,"No competitor comparison pages found on artemisag.com. Searched for vs pages, alternatives pages, and comparison landing pages.",[]
100,ModernLoop,Series A,https://modernloop.io/,qualified,"No competitor comparison pages found on modernloop.io. Searched for vs pages, alternatives pages, and comparison landing pages.",[]
100,WhyLabs,Series A,https://whylabs.ai/,qualified,"No competitor comparison pages found on whylabs.ai. Searched for vs pages, alternatives pages, and comparison landing pages.",[]
100,Bikky,Series A,https://bikky.com,qualified,"No competitor comparison pages found on bikky.com. Searched for vs pages, alternatives pages, and comparison landing pages.",[]
100,BlastPoint,Series A,https://blastpoint.com,qualified,"No competitor comparison pages found on blastpoint.com. Searched for vs pages, alternatives pages, and comparison landing pages.",[]
100,LightSource,Series A,https://lightsource.online/,qualified,"No competitor comparison pages found on lightsource.online. Searched for vs pages, alternatives pages, and comparison landing pages.",[]
100,Jump,Series A,https://jump.ai,qualified,"No competitor comparison pages found on jump.ai. Searched for vs pages, alternatives pages, and comparison landing pages.",[]
100,Alpha Design AI,Series A,https://alphadesign.ai/,qualified,"No competitor comparison pages found on alphadesign.ai. Searched for vs pages, alternatives pages, and comparison landing pages.",[]
100,TurinTech AI,Series A,https://turintech.ai/,qualified,"No competitor comparison pages found on turintech.ai. Searched for vs pages, alternatives pages, and comparison landing pages.",[]
100,Vermeer,Series A,https://getvermeer.com,qualified,"No competitor comparison pages found on getvermeer.com. Searched for vs pages, alternatives pages, and comparison landing pages.",[]
100,Method Security,Series A,https://www.method.security/,qualified,"No competitor comparison pages found on method.security. Searched for vs pages, alternatives pages, and comparison landing pages.",[]
100,Carbon Direct,Series A,http://www.carbon-direct.com,qualified,"No competitor comparison pages found on carbon-direct.com. Searched for vs pages, alternatives pages, and comparison landing pages.",[]
100,BridgeCare,Series A,http://www.getbridgecare.com,qualified,"No competitor comparison pages found on getbridgecare.com. Searched for vs pages, alternatives pages, and comparison landing pages.",[]
100,Model ML,Series A,https://www.modelml.com,qualified,"No competitor comparison pages found on modelml.com. Searched for vs pages, alternatives pages, and comparison landing pages.",[]
100,The Public Health Company,Series A,https://www.phc.health/,qualified,"No competitor comparison pages found on phc.health. Searched for vs pages, alternatives pages, and comparison landing pages.",[]
100,Brellium,Series A,https://www.brellium.io/,qualified,"No competitor comparison pages found on brellium.io. Searched for vs pages, alternatives pages, and comparison landing pages.",[]
100,BriefCatch,Series A,https://briefcatch.com,qualified,"No competitor comparison pages found on briefcatch.com. Searched for vs pages, alternatives pages, and comparison landing pages.",[]
100,Quindar,Series A,https://www.quindar.space/,qualified,"No competitor comparison pages found on quindar.space. Searched for vs pages, alternatives pages, and comparison landing pages.",[]
100,BreachRx,Series A,https://www.breachrx.com,qualified,"No competitor comparison pages found on breachrx.com. Searched for vs pages, alternatives pages, and comparison landing pages.",[]
100,(Re)vive,Series A,https://www.byrevive.com/,qualified,"No competitor comparison pages found on byrevive.com. Searched for vs pages, alternatives pages, and comparison landing pages.",[]
100,Files.com,Series A,https://www.files.com/,qualified,"No competitor comparison pages found on files.com. Searched for vs pages, alternatives pages, and comparison landing pages.",[]
100,Park Loyalty Inc.,Series A,https://parkloyalty.com,qualified,"No competitor comparison pages found on parkloyalty.com. Searched for vs pages, alternatives pages, and comparison landing pages.",[]
100,Daybreak,Series A,https://www.daybreak.ai,qualified,"No competitor comparison pages found on daybreak.ai. Searched for vs pages, alternatives pages, and comparison landing pages.",[]
100,1mind,Series A,https://www.1mind.com,qualified,"No competitor comparison pages found on 1mind.com. Searched for vs pages, alternatives pages, and comparison landing pages.",[]
100,P0 Security,Series A,https://www.p0security.org/,qualified,"No competitor comparison pages found on p0security.org. Searched for vs pages, alternatives pages, and comparison landing pages.",[]
100,Metafoodx,Series A,https://www.metafoodx.com/,qualified,"No competitor comparison pages found on metafoodx.com. Searched for vs pages, alternatives pages, and comparison landing pages.",[]
100,Barti,Series A,https://www.barti.com,qualified,"No competitor comparison pages found on barti.com. Searched for vs pages, alternatives pages, and comparison landing pages.",[]
100,Searchlight,Series A,https://www.searchlight.ai/,qualified,"No competitor comparison pages found on searchlight.ai. Searched for vs pages, alternatives pages, and comparison landing pages.",[]
100,TENEX.AI,Series A,https://tenex.ai,qualified,"No competitor comparison pages found on tenex.ai. Searched for vs pages, alternatives pages, and comparison landing pages.",[]
100,Knogin,Series A,https://knogin.com,qualified,"No competitor comparison pages found on knogin.com. Searched for vs pages, alternatives pages, and comparison landing pages.",[]
100,Malbek,Series A,https://www.malbek.io,qualified,"No competitor comparison pages found on malbek.io. Searched for vs pages, alternatives pages, and comparison landing pages.",[]
0,nexos.ai,Series A,https://nexos.ai/,unqualified,Found 4 comparison page(s): nexos.ai vs Portkey AI: In-depth comparison; nexos.ai vs TrueFoundry comparison: which one to choose in 2025?; Perplexity vs ChatGPT comparison in 2026; ChatGPT Free vs Paid (2025): Which Should You Choose?,"[""https://nexos.ai/blog/nexos-ai-vs-portkey-ai/"",""https://nexos.ai/blog/nexos-ai-vs-truefoundry/"",""https://nexos.ai/blog/perplexity-vs-chatgpt/"",""https://nexos.ai/blog/chatgpt-free-vs-paid/""]"
0,Right-Hand Cybersecurity,Series A,https://right-hand.ai,unqualified,"Found 9 comparison page(s): Right-Hand Cybersecurity vs Ninjio 2025; Is Right-Hand Cybersecurity the Best KnowBe4 Alternative in 2026? A G2-Based Comparison; Best Living Security Alternatives in 2025: Right-Hand Cybersecurity, Hoxhunt, KnowBe4 & NINJIO; Best KnowBe4 Alternatives in 2026: Comparing Modern Human Risk Management Platforms; Best KnowBe4 Alternatives in 2025: Right-Hand Cybersecurity, Hoxhunt, NINJIO & Living Security; Best Hoxhunt Alternatives in 2025: Right-Hand Cybersecurity, KnowBe4, NINJIO & Living Security; Best NINJIO Alternatives in 2025: Right-Hand Cybersecurity, Hoxhunt, KnowBe4 & Living Security; Right-Hand Cybersecurity vs Proofpoint 2025; Best KnowBe4 Alternatives in 2025: Right-Hand Cybersecurity, Hoxhunt, NINJIO & Living Security","[""https://right-hand.ai/right-hand-cybersecurity-vs-ninjio-2025/"",""https://right-hand.ai/right-hand-cybersecurity-knowbe4-alternative-2026/"",""https://right-hand.ai/best-living-security-alternatives-in-2025-right-hand-cybersecurity-hoxhunt-knowbe4-ninjio/"",""https://right-hand.ai/best-knowbe4-alternatives-in-2026-right-hand-cybersecurity/"",""https://right-hand.ai/best-knowbe4-alternatives-in-2025-right-hand-cybersecurity-hoxhunt-ninjio-living-security/"",""https://right-hand.ai/best-hoxhunt-alternatives-in-2025-right-hand-cybersecurity-knowbe4-ninjio-living-security/"",""https://right-hand.ai/best-ninjio-alternatives-in-2025-right-hand-cybersecurity-hoxhunt-knowbe4-living-security/"",""https://right-hand.ai/right-hand-cybersecurity-vs-proofpoint-2025/"",""https://right-hand.ai/best-knowbe4-alternatives-in-2025-hoxhunt-ninjio-living-security-right-hand/""]"
0,Unframe,Series A,https://www.unframe.ai,unqualified,Found 3 comparison page(s): Build vs. Buy AI: How to Choose the Right Approach; Structured vs. Unstructured Data: Key Differences for AI ...; AI Faster Than Building: Days vs Months,"[""https://www.unframe.ai/build-vs-buy-ai"",""https://www.unframe.ai/blog/structured-vs-unstructured-data-key-differences-for-ai-success"",""https://www.unframe.ai/blog/ai-faster-than-building""]"
0,Exostellar,Series A,https://exostellar.io,unqualified,Found 1 comparison page(s): Exploring GPU Sharing in Kubernetes with NVIDIA KAI Scheduler and Exostellar SDG | Exostellar,"[""https://exostellar.io/2025/04/08/gpu-sharing-in-kubernetes-nvidia-kai-vs-exostellar-sdg/""]"
0,Assembly,Series A,https://www.assembly.com,unqualified,Found 9 comparison page(s): Compare Assembly to alternatives; 7 best Moxo alternatives you need to check out in 2025; Top 11 Karbon alternatives & competitors 2025 [tested + ranked]; 8 Service Provider Pro alternatives for service firms in 2025; 11 Best SuiteDash alternatives and competitors in 2025; 11 Zendo alternatives and competitors in 2025 - Assembly; 8 best Dock alternatives and competitors in 2025 - Assembly; 10 best Ignition alternatives and competitors in 2025 - Assembly; 7 best Clinked alternatives you need to try in 2025 - Assembly,"[""https://assembly.com/comparison"",""https://assembly.com/blog/moxo-alternatives"",""https://assembly.com/blog/karbon-alternatives"",""https://assembly.com/blog/service-provider-pro-alternatives"",""https://assembly.com/blog/suitedash-alternatives"",""https://assembly.com/blog/zendo-alternatives"",""https://assembly.com/blog/dock-alternatives"",""https://assembly.com/blog/ignition-alternatives"",""https://assembly.com/blog/clinked-alternatives""]"
0,Conductor,Series A,http://www.conductor.com,unqualified,Found 8 comparison page(s): Conductor vs. Other AI Content Tools; Conductor vs. Siteimprove: The Complete Comparison; Conductor vs. Botify: The Complete Comparison; Conductor vs. Semrush: Which SEO platform is best?; Conductor vs. seoClarity: Complete Platform Comparison; Conductor vs. AI Visibility Tools: A Clear Winner; Conductor vs. BrightEdge: Which SEO platform is best?; Conductor vs. Profound: Why Enterprises Choose Conductor,"[""https://www.conductor.com/alternative-to/ai-content-tools/"",""https://www.conductor.com/alternative-to/siteimprove/"",""https://www.conductor.com/alternative-to/botify/"",""https://www.conductor.com/alternative-to/semrush/"",""https://www.conductor.com/alternative-to/seoclarity/"",""https://www.conductor.com/alternative-to/ai-visibility-tools/"",""https://www.conductor.com/alternative-to/brightedge/"",""https://www.conductor.com/alternative-to/profound/""]"
0,Rencore,Series A,https://rencore.com,unqualified,Found 5 comparison page(s): AvePoint alternative: Best M365 governance tools 2025; Power Platform Center of Excellence Alternative - Rencore Governance; SharePoint migration tool analysis: SMAT vs. Rencore Migration Assessment Tool; Free Microsoft 365 governance strategy whitepaper! Build vs. Buy – what’s the right path for you?; Microsoft 365 governance strategy: Build vs. Buy - Rencore,"[""https://rencore.com/en/avepoint-alternative"",""https://rencore.com/en/power-platform-center-of-excellence-alternative"",""https://rencore.com/en/blog/sharepoint-migration-tool-analysis-smat-vs-rencore-migration-assessment-tool"",""https://rencore.com/en/blog/free-whitepaper-microsoft-365-governance-strategy-build-vs-buy"",""https://go.rencore.com/microsoft-365-governance-strategy-build-vs-buy/""]"
0,ProsperOps,Series A,https://www.prosperops.com,unqualified,Found 3 comparison page(s): Compare Cloud Rate Optimization Tools; 8 Alternatives to CloudCheckr from Spot by NetApp in 2024; 6 Apptio Cloudability Alternatives for Enhanced Cloud Cost ...,"[""https://www.prosperops.com/compare/"",""https://www.prosperops.com/blog/cloudcheckr-competitors/"",""https://www.prosperops.com/blog/apptio-cloudability-competitors/""]"
0,Epsilon3,Series A,https://www.epsilon3.io,unqualified,"Found 2 comparison page(s): Open Source vs. Commercial Telemetry and Command ...; All-In-One Software Platform to Streamline Your Builds, Tests, & Operating Procedures","[""https://www.epsilon3.io/behind-the-console/open-source-vs-commercial-telemetry-and-command-software"",""https://www.epsilon3.io/feature-comparison""]"
0,BeyondTrucks,Series A,https://www.beyondtrucks.com,unqualified,Found 9 comparison page(s): BeyondTrucks vs TMW.Suite; BeyondTrucks vs PCS; BeyondTrucks vs RoseRocket; BeyondTrucks vs Alvys; BeyondTrucks vs Magnus; BeyondTrucks vs Axon; BeyondTrucks vs McLeod; TMS Software  Comparisons; BeyondTrucks vs TMW.Suite,"[""https://www.beyondtrucks.com/resources/comparisons/beyondtrucks-vs-tmw"",""https://www.beyondtrucks.com/resources/tms-software-comparisons/beyondtrucks-vs-pcs"",""https://www.beyondtrucks.com/resources/tms-software-comparisons/beyondtrucks-vs-roserocket"",""https://www.beyondtrucks.com/resources/tms-software-comparisons/beyondtrucks-vs-alvys"",""https://www.beyondtrucks.com/resources/tms-software-comparisons/beyondtrucks-vs-magnus"",""https://www.beyondtrucks.com/resources/tms-software-comparisons/beyondtrucks-vs-axon"",""https://www.beyondtrucks.com/resources/tms-software-comparisons/beyondtrucks-vs-mcleod"",""https://www.beyondtrucks.com/resources/tms-software-comparisons"",""https://www.beyondtrucks.com/resources/tms-software-comparisons/beyondtrucks-vs-tmw""]"
0,RocketReach.co,Series A,https://rocketreach.co,unqualified,Found 6 comparison page(s): RocketReach vs Alternatives - Why We're Better; RocketReach vs ZoomInfo: Uncovering the Key Differences; RocketReach vs ZoomInfo: which one is better in 2026?; RocketReach vs Apollo.io: Which B2B Contact Database Is ...; Discover why users prefer RocketReach over Apollo.io.; The World’s Best Contact Database | RocketReach v Seamless.AI,"[""https://rocketreach.co/resources/comparison/rocketreach-vs-alternatives/"",""https://rocketreach.co/resources/comparison/rocketreach-vs-zoominfo/"",""https://rocketreach.co/resources/rocketreach-vs-zoominfo-the-truth-about-price-data-accuracy-and-value-2026/"",""https://rocketreach.co/resources/rocketreach-vs-apollo-2026/"",""https://rocketreach.co/resources/comparison/rocketreach-vs-apollo/"",""https://rocketreach.co/resources/comparison/rocketreach-vs-seamless/""]"
0,Arc Technologies,Series A,https://www.joinarc.com,unqualified,Found 6 comparison page(s): Brex Alternatives: Best Competitor Reviews | 2025/2026 - Arc; Brex Pricing and Competitors - Arc; Compare Competitors: Brex vs Mercury | Pricing - Features - Arc; Alternatives to Traditional Banking - Arc; Banking Basics: APY vs. Interest Rates vs APR Compared - Arc; Parking Your Series A—Money Market Accounts vs Funds - Arc,"[""https://www.joinarc.com/learning-center/brex-competitors"",""https://www.joinarc.com/learning-center/brex-pricing"",""https://www.joinarc.com/learning-center/brex-mercury"",""https://www.joinarc.com/blog/ces-panel-the-alternatives-to-traditional-banking"",""https://www.joinarc.com/learning-center/banking-basics-apy-interest-rates-apr"",""https://www.joinarc.com/learning-center/money-market-vs-fund""]"
0,Dotfile,Series A,https://www.dotfile.com,unqualified,"Found 1 comparison page(s): Custom properties, ID Document data comparison, Last activity","[""https://docs.dotfile.com/docs/custom-properties-id-document-data-comparison-last-activity-at""]"
0,Arena,Series A,https://arena.im,unqualified,Found 9 comparison page(s): Hivebrite vs Arena Community: The Ultimate Comparison; Discord vs Arena Community: Which Platform is Best? | Arena; Reddit vs Arena Community vs Lemmy vs Kbin: A Comparison; Disco vs Arena Community: Which Platform is Best? | Arena; Arena Community vs Circle.So: Complete Comparison; Beehiiv vs Arena Community: Ultimate Comparison | Arena; YouTube Communities vs. Arena Community: Pros and Cons for Creators; 7 Video Streaming Alternatives to Vimeo OTT - Arena; Arena vs Imarena: Complete Comparison,"[""https://arena.im/online-communities/hivebrite-vs-arena-community/"",""https://arena.im/online-communities/discord-vs-arena-community-comparison/"",""https://arena.im/online-communities/reddit-vs-arena-community-vs-lemmy-vs-kbin/"",""https://arena.im/online-communities/disco-vs-arena-community-comparison/"",""https://arena.im/online-communities/circle-so-vs-arena-community/"",""https://arena.im/online-communities/beehiiv-vs-arena-community/"",""https://arena.im/online-communities/youtube-communities-vs-arena-community/"",""https://arena.im/group-chat/vimeo-ott-alternatives-and-competitors/"",""https://arena.im/group-chat/arena-vs-imarena/""]"
0,Sequel.io,Series A,https://sequel.io/,unqualified,Found 2 comparison page(s): 9 ON24 Competitors Dominating Webinars in 2023; Zoom Webinar Alternatives: Why Marketers Are Making ...,"[""https://sequel.io/on24-competitors/"",""https://sequel.io/zoom-webinar-alternatives/""]"
0,Delve,Series A,https://www.delve.co,unqualified,Found 1 comparison page(s): Competitors,"[""https://delve.co/competitors""]"
0,LiveFlow,Series A,https://www.liveflow.com,unqualified,Found 9 comparison page(s): LiveFlow Comparison | LiveFlow Vs Jirav; LiveFlow vs Datarails; LiveFlow vs. Datarails; LiveFlow vs. Coefficient - LiveFlow; LiveFlow vs Vena: Choosing the Right Financial Management Solution - LiveFlow; LiveFlow vs. QuickBooks Spreadsheet Sync - LiveFlow; LiveFlow vs Vena: Choosing the Right Financial Management Solution; LiveFlow vs. Coefficient; LiveFlow vs. QuickBooks Spreadsheet Sync,"[""https://www.liveflow.com/comparison/liveflow-vs-jirav"",""https://www.liveflow.com/comparison/liveflow-vs-datarails"",""https://www.liveflow.com/post/datarails-vs-liveflow"",""https://www.liveflow.com/blog/liveflow-vs-coefficient"",""https://www.liveflow.com/blog/liveflow-vs-vena-choosing-the-right-financial-management-solution"",""https://www.liveflow.com/blog/liveflow-vs-quickbooks-spreadsheet-sync"",""https://www.liveflow.com/post/liveflow-vs-vena-choosing-the-right-financial-management-solution"",""https://www.liveflow.com/post/liveflow-vs-coefficient"",""https://www.liveflow.com/post/liveflow-vs-quickbooks-spreadsheet-sync""]"
0,LoanPro,Series A,https://loanpro.io/,unqualified,Found 1 comparison page(s): Why lenders are choosing LoanPro as a Fiserv alternative,"[""https://www.loanpro.io/blog/why-lenders-are-choosing-loanpro-as-a-fiserv-alternative/""]"
0,HealthBird,Series A,https://www.healthbird.com/,unqualified,Found 1 comparison page(s): Telehealth vs. In-Person Visits: Choosing the Right Option for You,"[""https://www.healthbird.com/blog/telehealth-vs-in-person-visits-choosing-the-right-option-for-you""]"
0,Ataccama,Series A,https://www.ataccama.com/,unqualified,Found 3 comparison page(s): Comparing Data Governance Solutions – Alation vs Ataccama vs Collibra; Ataccama vs Informatica (2025 Comparison); Gartner Critical Capabilities vs. Magic Quadrant: Why you need both to evaluate data quality solutions,"[""https://ataccama.com/analyst-research/comparing-data-governance-solutions-alation-vs-ataccama-vs-collibra"",""https://ataccama.com/blog/ataccama-vs-informatica"",""https://www.ataccama.com/blog/gartner-critical-capabilities-vs-magic-quadrant-why-you-need-both-to-evaluate-data-quality-solutions""]"
0,SecurityPal,Series A,https://www.securitypalhq.com/,unqualified,Found 1 comparison page(s): SecurityPal vs. In-house Security Review Teams: A Cost-Benefit Analysis,"[""https://www.securitypalhq.com/blog/securitypal-vs-in-house-security-review-teams""]"
0,Akuity,Series A,https://akuity.io,unqualified,Found 2 comparison page(s): ArgoCD vs Flux: Which is the Best GitOps Tool for Your Kubernetes? - Akuity Blog; Argo CD vs. Flux,"[""https://akuity.io/blog/argo-cd-flux-comparison"",""https://landing.akuity.io/argo-cd-vs-flux-a-detailed-comparison""]"
0,PriceLabs,Series A,https://hello.pricelabs.co,unqualified,Found 4 comparison page(s): Unveiling the Improved Hotel Price Tracker and Exploring Effective Competitor Benchmarking in PriceLabs; Take a Peek at Competitors’ Vacation Rental Prices and Dominate the Market; Dynamic Pricing vs. Full Revenue Management: 7 Key Differences for Airbnb Hosts; Airbnb vs Vrbo: A Host's Guide to Choosing the Right ...,"[""https://hello.pricelabs.co/unveiling-the-improved-hotel-price-tracker-and-exploring-effective-competitor-benchmarking-in-pricelabs/"",""https://hello.pricelabs.co/monitor-competitor-prices-vacation-rental/"",""https://hello.pricelabs.co/blog/dynamic-pricing-vs-revenue-management/"",""https://hello.pricelabs.co/airbnb-vs-vrbo/""]"
0,Subskribe,Series A,https://subskribe.com,unqualified,Found 5 comparison page(s): Subskribe vs. Salesforce CPQ; Subskribe vs Zuora; Subskribe vs NetSuite; Subskribe vs Salesforce CPQ & Billing; Stop hiring expensive consultants just to use Zuora,"[""https://www.subskribe.com/compare/subskribe-vs-salesforce-cpq"",""https://www.subskribe.com/resources/subskribe-vs-zuora"",""https://www.subskribe.com/resources/subskribe-vs-netsuite"",""https://www.subskribe.com/resources/subskribe-vs-salesforce-cpq-billing"",""https://www.subskribe.com/compare/subskribe-vs-zuora""]"
0,Composio,Series A,https://composio.dev,unqualified,"Found 8 comparison page(s): 7 best Nango alternatives for AI agents and API ...; Composio vs. LangChain tools: An In-Depth Analysis"" - Composio; 3 top Paragon alternatives to consider in 2025; 6 top alternatives for Pipedream in 2026; Top 5 n8n Alternatives for Developers - Composio; OpenAI Agents SDK vs LangGraph vs Autogen vs CrewAI; Best AI agent integration platforms (2026): comparison for developers; Top 10 Make alternatives for building AI automation","[""https://composio.dev/blog/nango-alternatives-ai-agents"",""https://composio.dev/blog/composio-vs-langchain-tools"",""https://composio.dev/blog/paragon-alternatives"",""https://composio.dev/blog/alternatives-for-pipedream"",""https://composio.dev/blog/top-n8n-alternatives"",""https://composio.dev/blog/openai-agents-sdk-vs-langgraph-vs-autogen-vs-crewai"",""https://composio.dev/blog/ai-agent-integration-platforms"",""https://composio.dev/blog/make-alternatives""]"
0,Humanly.io,Series A,https://humanly.io/,unqualified,Found 1 comparison page(s): AI vs. Traditional Talent Sourcing: A Buyer’s Guide to Finding the Best Fit for Your Hiring Needs | Humanly,"[""https://www.humanly.io/resource-library/blog/ai-vs-traditional-talent-sourcing-a-buyers-guide-to-finding-the-best-fit-for-your-hiring-needs""]"
0,Leapsome,Series A,https://www.leapsome.com,unqualified,Found 10 comparison page(s): The Best Lattice (HR) Alternative in 2025; Comparing the 10 best Lattice competitors for performance ...; Lessonly vs Leapsome - Alternative & Competitors; qlearsite vs Leapsome - Alternative & Competitors; 7 Best Personio Alternatives for 2026; Top 10 Lessonly competitors to accelerate team learning in ...; Comparisons; Lattice vs. 15Five: Which Platform Comes Out on Top?; 8 Best Culture Amp Competitors in 2026; Best 8 performance management software solutions for 2026,"[""https://www.leapsome.com/competitor-new/lattice"",""https://www.leapsome.com/comparisons/lattice-competitors"",""https://www.leapsome.com/competitor-new/lessonly"",""https://www.leapsome.com/de/competitor-new/qlearsite"",""https://www.leapsome.com/comparisons/personio-alternatives"",""https://www.leapsome.com/comparisons/lessonly-competitors"",""https://www.leapsome.com/comparisons"",""https://www.leapsome.com/blog/lattice-vs-15five"",""https://www.leapsome.com/comparisons/culture-amp-competitors"",""https://www.leapsome.com/comparisons/performance-management-software""]"
0,Traefik Labs,Series A,https://traefik.io,unqualified,Found 10 comparison page(s): Compare Traefik with Other Solutions; Traefik Hub vs Envoy Gateway; Traefik Hub vs Gravitee; Traefik Hub vs Kong Konnect; Traefik Hub vs Tyk; Traefik Hub vs NGINX; Traefik Hub vs AWS API Gateway; Traefik Hub vs Solo.io Gloo Gateway; Traefik Hub vs Apigee; Spring Cloud Gateway vs. Traefik Hub: When to Choose a Purpose-Built Gateway,"[""https://traefik.io/compare"",""https://traefik.io/compare/traefik-vs-envoy-gateway"",""https://traefik.io/compare/traefik-vs-gravitee"",""https://traefik.io/compare/traefik-vs-kong-konnect"",""https://traefik.io/compare/traefik-vs-tyk"",""https://traefik.io/compare/traefik-vs-nginx"",""https://traefik.io/compare/traefik-vs-aws-api-gateway"",""https://traefik.io/compare/traefik-vs-solo-gloo-gateway"",""https://traefik.io/compare/traefik-vs-apigee"",""https://traefik.io/blog/spring-cloud-gateway-vs-traefik""]"
0,Artisan AI,Series A,https://www.artisan.co,unqualified,"Found 8 comparison page(s): Artisan vs. Relevance: Which Is Right For You?; Top 10 Apollo Alternatives | Pricing, Features, Response ...; Best ZoomInfo Alternatives to Try Now - Artisan AI; Looking for UpLead Alternatives? Start Here - Artisan AI; Seamless.ai vs. Apollo.io: Data, Outreach, Price; Compare Cognism Alternatives: Features, Pricing, Integration; Clay Alternatives: Features, Pricing, Outreach; Discover Our Top 11 Lemlist Alternatives for Better Outreach","[""https://www.artisan.co/artisan-vs-relevance"",""https://www.artisan.co/blog/apollo-alternatives"",""https://www.artisan.co/blog/zoominfo-alternatives"",""https://www.artisan.co/blog/uplead-alternatives"",""https://www.artisan.co/blog/seamless-vs-apollo"",""https://www.artisan.co/blog/cognism-alternatives"",""https://www.artisan.co/blog/clay-alternatives"",""https://www.artisan.co/blog/lemlist-alternatives""]"
0,Acelab,Series A,https://acelabusa.com,unqualified,"Found 4 comparison page(s): Acelab | Building Product Discovery, Comparison & Specification; Acelab | Building Product Discovery, Comparison & Specification; Acelab | Building Product Discovery, Comparison & Specification; Building Product Discovery, Comparison & Specification","[""https://acelabusa.com/2024"",""https://acelabusa.com/"",""https://acelabusa.com/early-access"",""https://acelabusa.com/?tpcc=NL_Marketing""]"
0,Zonos,Series A,https://zonos.com/,unqualified,Found 1 comparison page(s): Zonos vs Swap Comparison,"[""https://zonos.com/compare/zonos-vs-swap""]"
0,Lyzr,Series A,https://www.lyzr.ai,unqualified,Found 8 comparison page(s): The ultimate AI Agent platform comparison hub; Agent Studio vs. CrewAI: The Comparison Breakdown; Why Lyzr is the Leading Agentforce Alternative Across ...; Lyzr vs Microsoft Copilot; Why Lyzr Is The Superior AgentKit Alternative; Lyzr vs Langchain; Why Lyzr is Emerging as a Robust Agent Framework for Enterprises Compared to Langchain; Jazon AI SDR: The 11x Alternative You've Been Waiting For,"[""https://www.lyzr.ai/comparison/"",""https://www.lyzr.ai/compare/lyzr-agent-studio-vs-crewai/"",""https://www.lyzr.ai/blog/agentforce-alternative/"",""https://www.lyzr.ai/compare/lyzr-vs-microsoft-copilot/"",""https://www.lyzr.ai/blog/agentkit-alternative/"",""https://www.lyzr.ai/lyzr-vs-langchain/"",""https://lyzr.ai/blog/why-lyzr-is-emerging-as-a-robust-agent-framework-for-enterprises-compared-to-langchain"",""https://www.lyzr.ai/blog/11x-ai-alternative/""]"
0,Momentum,Series A,https://www.momentum.io,unqualified,Found 7 comparison page(s): Gong vs. Chorus vs. Momentum: The 2025 Buyer’s Guide to Conversation Intelligence & Workflow Automation; Gong vs. Momentum: Why Conversation Intelligence Is No Longer Enough for GTM Teams; Momentum vs. Zapier: The Best Revenue-Oriented ...; Momentum vs Spiky.ai: Which AI Platform Fits Your GTM Team in ...; Top 6 Chorus Alternatives to Automate Workflows and Drive ...; What Are the Best Alternatives for Gong? 2025 Buyer's Guide ...; Top 8 Gong Alternatives in 2025: The Ultimate Buyer's Guide ...,"[""https://www.momentum.io/blog/gong-vs-chorus-vs-momentum"",""https://www.momentum.io/blog/gong-vs-momentum-ai-agent"",""https://www.momentum.io/blog/momentum-vs-zapier-revenue-automation-platform"",""https://www.momentum.io/blog/momentum-vs-spiky-ai"",""https://www.momentum.io/blog/chorus-ai-alternatives"",""https://www.momentum.io/blog/best-gong-alternatives-conversation-intelligence-2025"",""https://www.momentum.io/blog/gong-io-alternatives-conversation-intelligence-revenue-orchestration""]"
0,Sybill AI,Series A,https://www.sybill.ai,unqualified,"Found 7 comparison page(s): Otter vs Sybill: Which AI Meeting Assistant Actually Helps Sales Teams Win?; Sybill AI or Attention AI: features, pricing, and which one wins for revenue teams; 5 Best Fireflies Alternatives in 2025 - AI & Automation; Top 5 Gong Alternatives: AI-powered for the Modern Seller; Best Gong Alternatives for Startups & Mid-Market Sales ...; 4 Best AI-Powered Sales Assistants for 2025 and Beyond; Read.ai vs Otter.ai: Which AI Meeting Assistant Is Better?","[""https://www.sybill.ai/blogs/otter-vs-sybill"",""https://www.sybill.ai/blogs/sybill-vs-attention"",""https://www.sybill.ai/blogs/best-fireflies-alternatives"",""https://www.sybill.ai/blogs/the-2025-ai-gong-alternatives"",""https://www.sybill.ai/blogs/the-best-gong-alternatives-for-sales-teams"",""https://www.sybill.ai/blogs/ai-sales-assistant-software-comparison"",""https://www.sybill.ai/blogs/read-ai-vs-otter-ai""]"
0,Shipium,Series A,https://www.shipium.com/,unqualified,"Found 2 comparison page(s): Logistyx vs Shipium: Compare features, pricing, and customer happiness; How Shipium improves the rate shopping process over Logistyx","[""https://www.shipium.com/compare/logistyx"",""https://www.shipium.com/compare/logistyx/rate-shopping""]"
0,SquareX,Series A,https://www.sqrx.com,unqualified,Found 1 comparison page(s): Enterprise Browsers vs SquareX,"[""https://sqrx.com/hassle-enterprise-browsers""]"
0,Evertune,Series A,https://www.evertune.ai/,unqualified,Found 4 comparison page(s): Evertune vs AirOps: Which GEO Platform Delivers The Best Results?; Evertune vs. Profound: Feature-by-Feature GEO Platform Comparison; Evertune vs Athena HQ: Which GEO Platform Delivers The Best Results?; Evertune vs Profound: Which GEO Platform Delivers The Best Results?,"[""https://www.evertune.ai/research/insights-on-ai/evertune-vs-airops-which-geo-platform-delivers-the-best-results"",""https://www.evertune.ai/research/insights-on-ai/evertune-vs-profound-feature-by-feature-geo-platform-comparison"",""https://www.evertune.ai/research/insights-on-ai/evertune-vs-athena-hq-which-geo-platform-delivers-the-best-results"",""https://www.evertune.ai/research/insights-on-ai/evertune-vs-profound-which-geo-platform-delivers-the-best-results""]"
0,Hype,Series A,https://hype.co/,unqualified,Found 1 comparison page(s): 9 Linktree Alternatives to Get More Value From Your Link-in-Bio | Hype Blog,"[""https://hype.co/blog/industry/linktree-alternatives""]"
0,HockeyStack,Series A,https://hockeystack.com,unqualified,Found 10 comparison page(s): HockeyStack vs Common Room: Which Platform Wins for B2B Teams?; Dreamdata vs HockeyStack: Complete Enterprise Comparison 2025; HockeyStack vs Dreamdata: Marketing Attribution Comparison Guide; CaliberMind vs HockeyStack 2025: Which Platform Wins?; 6sense vs Common Room (vs HockeyStack): GTM Intelligence Platform Comparison; CaliberMind vs Bizible (vs HockeyStack): B2B Platforms Compared; Bizible vs Dreamdata (vs HockeyStack): 2025 Comparison Guide for B2B Marketers; Dreamdata vs. HockeyStack: Two Approaches to B2B Web Tracking; 14 Best GA4 Alternatives & Competitors on the Market Today; 15 Best CaliberMind Alternatives & Competitors for 2025,"[""https://www.hockeystack.com/blog-posts/hockeystack-vs-common-room"",""https://www.hockeystack.com/blog-posts/dreamdata-vs-hockeystack-complete-enterprise-comparison"",""https://www.hockeystack.com/blog-posts/hockeystack-vs-dreamdata-marketing-attribution-comparison-guide"",""https://www.hockeystack.com/blog-posts/calibermind-vs-hockeystack"",""https://www.hockeystack.com/blog-posts/6sense-vs-common-room-vs-hockeystack"",""https://www.hockeystack.com/blog-posts/calibermind-vs-bizible-vs-hockeystack"",""https://www.hockeystack.com/blog-posts/bizible-vs-dreamdata"",""https://www.hockeystack.com/blog-posts/dreamdata-vs-hockeystack-two-approaches-to-b2b-web-tracking"",""https://www.hockeystack.com/blog-posts/google-analytics-4-alternatives-competitors"",""https://www.hockeystack.com/blog-posts/calibermind-alternatives-competitors""]"
0,Verisoul,Series A,https://www.verisoul.ai,unqualified,Found 9 comparison page(s): Compare Verisoul vs. Competitors; Verisoul  vs Shield; Verisoul  vs Seon; Verisoul  vs Fingerprint; Verisoul  vs TruValidate; Verisoul  vs IPQS; Verisoul  vs Sift; Verisoul  vs Threatmetrix; https://www.verisoul.ai/compare/arkose-labs,"[""https://www.verisoul.ai/compare/overview"",""https://www.verisoul.ai/compare/shield"",""https://www.verisoul.ai/compare/seon"",""https://www.verisoul.ai/compare/fingerprint"",""https://www.verisoul.ai/compare/truvalidate"",""https://www.verisoul.ai/compare/ipqs"",""https://www.verisoul.ai/compare/sift"",""https://www.verisoul.ai/compare/threatmetrix"",""https://www.verisoul.ai/compare/arkose-labs""]"
0,Mem0,Series A,https://mem0.ai,unqualified,Found 5 comparison page(s): Benchmarked OpenAI Memory vs LangMem vs MemGPT vs Mem0 for Long-Term Memory - Here’s How They Stacked Up; Benchmarked OpenAI Memory vs LangMem vs MemGPT vs Mem0 for Long-Term Memory - Here’s How They Stacked Up; Graph-Based Memory Solutions for AI Context: Top 5 Compared (January 2026); The OpenAI Agents SDK Review and Alternatives: Best AI Agent Framework (December 2025); Platform vs Open Source,"[""https://mem0.ai/blog/benchmarked-openai-memory-vs-langmem-vs-memgpt-vs-mem0-for-long-term-memory-here-s-how-they-stacked-up"",""https://mem0.ai/blog/ai-agent-memory-benchmark/"",""https://mem0.ai/blog/graph-memory-solutions-ai-agents"",""https://mem0.ai/blog/openai-agents-sdk-review"",""https://docs.mem0.ai/platform/platform-vs-oss""]"
0,Ontop,Series A,https://www.getontop.com,unqualified,Found 5 comparison page(s): Ontop vs Deel: Which Global Payroll Platform Wins?; Ontop vs Remote (2025) Complete Global Payroll Comparison; Ontop vs Papaya Global 2025 | Payroll Comparison for Startups & Enterprises; Ontop vs. Deel: Best global payroll platform comparison; Ontop vs Deel | Compare Global Hiring Platforms,"[""https://www.getontop.com/blog/ontop-vs-deel-best-global-payroll-platform-comparison"",""https://www.getontop.com/blog/ontop-vs-remote-2025-complete-global-payroll-comparison"",""https://www.getontop.com/blog/ontop-vs-papaya-global-2025-payroll-comparison-for-startups-enterprises"",""https://es.getontop.com/blog/ontop-vs-deel-best-global-payroll-platform-comparison"",""https://www.getontop.com/ontop-vs-competitors/deel""]"
0,Drivetrain,Series A,https://www.drivetrain.ai/,unqualified,Found 10 comparison page(s): Top 8 IBM Planning Analytics competitors and alternatives ...; A review of the 6 best Mosaic competitors and alternatives ...; The 10 best Datarails competitors and alternatives in 2026; The 10 best Planful competitors and alternatives in 2026; Top 8 OneStream competitors and alternatives in 2026; A comparison of the top 6 Abacum competitors and ...; Top 9 Vena alternatives and competitors in 2026; Vena vs. Datarails: Which of these Excel-based FP&A tools is better for your business?; Abacum vs. Planful comparison: what mid-market finance teams should know in 2026; Planful vs. Vena: A detailed comparison for smarter FP&A,"[""https://www.drivetrain.ai/post/top-ibm-planning-analytics-competitors-and-alternatives"",""https://www.drivetrain.ai/post/mosaic-competitors-and-alternatives"",""https://www.drivetrain.ai/post/datarails-competitors-and-alternatives"",""https://www.drivetrain.ai/post/planful-competitors-and-alternatives"",""https://www.drivetrain.ai/post/onestream-competitors-and-alternatives"",""https://www.drivetrain.ai/post/abacum-competitors-and-alternatives"",""https://www.drivetrain.ai/post/top-vena-alternatives-and-competitors"",""https://www.drivetrain.ai/post/vena-vs-datarails"",""https://www.drivetrain.ai/post/abacum-vs-planful-comparison"",""https://www.drivetrain.ai/post/planful-vs-vena""]"
0,RentRedi,Series A,http://rentredi.com,unqualified,Found 8 comparison page(s): RentRedi vs DoorLoop vs TurboTenant: How to Choose the Smartest Property Management Software; RentRedi vs DoorLoop vs TurboTenant: How to Choose the Smartest Property Management Software; RentRedi vs AppFolio: Comparing Property Management Platforms for Modern Landlords; RentRedi vs. RentSpree: Which Rental Tool Reigns Supreme?; Competitor Series; RentRedi vs Appfolio: Which is the Best Rental Software for Landlords?; RentRedi vs Landlord Studio: Property Management Software Review; RentRedi vs Innago: Property Management Software Review,"[""https://rentredi.com/blog/rentredi-vs-doorloop-vs-turbotenant/"",""https://rentredi.com/blog/rentredi-vs-doorloop-vs-turbotenant-2/"",""https://rentredi.com/blog/rentredi-vs-appfolio-comparing-property-management-platforms/"",""https://rentredi.com/blog/rentredi-vs-rentspree-property-management-software/"",""https://rentredi.com/blog/category/competitor-series/"",""https://rentredi.com/blog/rentredi-vs-appfolio-best-rental-software/"",""https://rentredi.com/blog/rentredi-vs-landlord-studio-review/"",""https://rentredi.com/blog/rentredi-vs-innago/""]"
0,Goldcast,Series A,https://www.goldcast.io,unqualified,Found 8 comparison page(s): Goldcast versus GoTo Webinar: Which is better for B2B Marketers?; Goldcast vs Riverside: Why Marketers Choose Goldcast over Riverside; Goldcast versus Zoom: Which is better for B2B Marketers?; Goldcast vs Descript: Which is better for B2B Marketers?; Goldcast versus Opus Clip: Which is better for B2B Marketers?; Goldcast vs Sequel: Why Marketers Choose Goldcast over Sequel; Goldcast vs BigMarker: Why Marketers Choose Goldcast over BigMarker; Why marketers choose Goldcast over On24,"[""https://www.goldcast.io/compare/goldcast-vs-goto-webinar"",""https://www.goldcast.io/compare/goldcast-vs-riverside"",""https://www.goldcast.io/compare/goldcast-vs-zoom"",""https://www.goldcast.io/compare/goldcast-vs-descript"",""https://www.goldcast.io/compare/goldcast-vs-opusclip"",""https://www.goldcast.io/compare/goldcast-vs-sequel"",""https://www.goldcast.io/compare/goldcast-vs-bigmarker"",""https://www.goldcast.io/versus-on24""]"
0,Opus,Series A,https://www.opus.so,unqualified,Found 3 comparison page(s): The #1 Schoox LMS Alternative | Opus; The #1 Wisetail LMS Alternative | Opus; The #1 Kiwi LMS Alternative  | Opus,"[""https://www.opus.so/ga/the-1-schoox-lms-alternative"",""https://www.opus.so/ga/the-wisetail-lms-alternative"",""https://www.opus.so/ga/the-kiwi-lms-alternative""]"
0,Spin.AI,Series A,https://spin.ai,unqualified,Found 7 comparison page(s): SpinBackup vs. SysCloud: Comparing Popular Backup ...; SpinBackup vs. Spanning: Comparing Popular Backup Solutions; Backupify vs. Spanning | How do SaaS Backup Tools Stack Up? Spin.AI; SpinBackup vs. Afi: Comparing 2 Top Backup Solutions; Google Workspace Backup Solutions Comparison | Spin.AI; Obsidian Security vs. Spin.AI: SSPM Solutions Compared; https://spin.ai/blog/adaptive-shield-vs-spin-ai-comparing-popular-sspm-solutions/,"[""https://spin.ai/blog/spinbackup-vs-syscloud-comparison/"",""https://spin.ai/blog/spinbackup-vs-spanning/"",""https://spin.ai/blog/backupify-vs-spanning-which-saas-backup-solution-is-best/"",""https://spin.ai/blog/spinbackup-vs-afi-comparison/"",""https://spin.ai/blog/google-workspace-backup-solutions-comparison/"",""https://spin.ai/blog/obsidian-security-vs-spin-ai-comparing-popular-sspm-solutions/"",""https://spin.ai/blog/adaptive-shield-vs-spin-ai-comparing-popular-sspm-solutions/""]"
0,Rad Security,Series A,https://radsecurity.ai,unqualified,Found 1 comparison page(s): Detect Reverse Shell and Sudo Privilege Escalation Exploit: Behavioral Versus Signature-Based Detection,"[""https://www.radsecurity.ai/blog/behavioral-versus-signature-based-detection-sensitive-data-access-sudo-cve-and-reverse-shell-examples""]"
0,Runway Financial,Series A,https://runway.com/,unqualified,Found 3 comparison page(s): Best modern FP&A software: Runway vs Pigment vs Anaplan vs Adaptive; Modern FP&A Software Comparison: Runway vs Vena vs Planful vs Jirav vs TigerEye; Best modern FP&A software: Runway vs. Abacum vs. Mosaic vs. Causal,"[""https://runway.com/blog/best-modern-fpa-software-runway-vs-pigment-vs-anaplan-vs-adaptive"",""https://runway.com/blog/modern-fpa-software-comparison-runway-vs-vena-vs-planful-vs-jirav-vs-tigereye"",""https://runway.com/blog/best-modern-fpa-software-runway-vs-abacum-vs-mosaic-vs-causal""]"
0,Momentic,Series A,https://momentic.ai,unqualified,Found 9 comparison page(s): Playwright vs. Momentic: The Ultimate 2024 Showdown of Testing Paradigms; Blog | Momentic; Analyzing the Developer Workflow: A Deep Dive into the Testim Developer Experience vs. Momentic; 5 Best Testim Alternatives for Resilient E2E Testing in 2024; The Top 5 Testim Alternatives for Developer-Centric Teams in 2024; Analyzing the Developer Workflow: A Deep Dive into the Testim Developer Experience vs. Momentic; Top Cypress Alternatives for 2025 (And How to Choose the Right One) | Momentic; The Best Playwright Alternatives for Modern Web App Testing | Momentic; Mabl Alternatives: Comparing The Best Automated Testing ...,"[""https://momentic.ai/resources/playwright-vs-momentic-the-ultimate-2024-showdown-of-testing-paradigms"",""https://join.momentic.ai/resources/katalon-vs-momentic-all-in-one-convenience-vs-architectural-ai-superiority-2024"",""https://momentic.ai/resources/analyzing-the-developer-workflow-a-deep-dive-into-the-testim-developer-experience-vs-momentic"",""https://momentic.ai/resources/5-best-testim-alternatives-for-resilient-e2e-testing-in-2024"",""https://momentic.ai/resources/the-top-5-testim-alternatives-for-developer-centric-teams-in-2024"",""https://join.momentic.ai/resources/analyzing-the-developer-workflow-a-deep-dive-into-the-testim-developer-experience-vs-momentic"",""https://momentic.ai/blog/cypress-alternatives"",""https://momentic.ai/blog/playwright-alternatives"",""https://momentic.ai/blog/mabl-alternatives""]"
0,Reco,Series A,https://www.reco.ai,unqualified,Found 10 comparison page(s): SaaS Security Alternatives & Comparisons; Obsidian Security vs AppOmni: Key Differences; Grip Security vs. Obsidian Security; Grip Security vs. AppOmni; Grip Security vs CrowdStrike Shield; CrowdStrike Shield vs Obsidian Security; CrowdStrike Shield vs. AppOmni; Obsidian Security vs. Legacy SSPM; Top 10 SSPM Tools for SaaS Security in 2026; 10 Best SaaS Security Tools Every CISO Should Evaluate [2026],"[""https://www.reco.ai/compare"",""https://www.reco.ai/compare/obsidian-security-vs-appomni"",""https://www.reco.ai/compare/grip-security-vs-obsidian-security"",""https://www.reco.ai/compare/grip-security-vs-appomni"",""https://www.reco.ai/compare/grip-security-vs-crowdstrike-shield"",""https://www.reco.ai/compare/crowdstrike-shield-vs-obsidian-security"",""https://www.reco.ai/compare/crowdstrike-shield-vs-appomni"",""https://www.reco.ai/compare/obsidian-security-vs-legacy-sspm"",""https://www.reco.ai/compare/top-sspm-tools"",""https://www.reco.ai/compare/saas-security-tools-for-cisos""]"
0,Heron Data,Series A,http://www.herondata.io,unqualified,Found 2 comparison page(s): 5 Federato Competitors to Consider for Underwriters ...; 5 Top Ocrolus Competitors Every Funder Should Consider,"[""https://www.herondata.io/blog/federato-competitors"",""https://www.herondata.io/blog/ocrolus-competitors""]"
0,Savant Labs,Series A,https://savantlabs.io,unqualified,Found 4 comparison page(s): 13 Best Alteryx Alternatives & Competitors for 2025; Choose Savant over Alteryx; Dataiku Alternatives and Competitors in 2025; Top Knime Alternatives for 2025: A Comprehensive Guide,"[""https://savantlabs.io/blog/alteryx-vs-competitors-analysis/"",""https://savantlabs.io/platform/savant-vs-alteryx/"",""https://savantlabs.io/blog/dataiku-competitors-in-2025/"",""https://savantlabs.io/blog/knime-alternatives/""]"
0,Customer.io,Series A,https://customer.io,unqualified,Found 9 comparison page(s): Competitors | Customer.io; Customer.io vs. Iterable; Customer.io vs Intercom - Customer.io; Customer.io vs. Mailchimp; HubSpot vs. Marketo Feature and Pricing Comparison; ActiveCampaign vs. Mailchimp Feature Comparison; HubSpot vs. Mailchimp: Key Feature and Pricing Comparison; Salesforce vs. Marketo: Feature and Pricing Comparison; RudderStack vs. Segment Feature and Pricing Comparison,"[""https://customer.io/competitors"",""https://try.customer.io/competitors/vs-iterable"",""https://try.customer.io/competitors/vs-intercom"",""https://try.customer.io/competitors/vs-mailchimp"",""https://customer.io/learn/lifecycle-marketing/hubspot-vs-marketo"",""https://customer.io/learn/lifecycle-marketing/activecampaign-vs-mailchimp"",""https://customer.io/learn/lifecycle-marketing/hubspot-vs-mailchimp"",""https://customer.io/learn/lifecycle-marketing/salesforce-vs-marketo"",""https://customer.io/learn/integrations/rudderstack-vs-segment""]"
0,Firecrawl,Series A,https://www.firecrawl.dev,unqualified,"Found 5 comparison page(s): Firecrawl vs Tavily: Complete Comparison for AI Agents & ...; 5 Tavily Alternatives for Better Pricing, Performance, and ...; Top 5 Exa Alternatives for AI Web Search and Data ...; 6 ScrapingBee Alternatives for Faster, AI-Optimized, and Cost-Effective Web Scraping; 5 Best Apify Alternatives for Reliable Web Scraping in 2026","[""https://www.firecrawl.dev/compare/firecrawl-vs-tavily"",""https://www.firecrawl.dev/blog/tavily-alternatives"",""https://www.firecrawl.dev/blog/exa-alternatives"",""https://www.firecrawl.dev/blog/scrapingbee-alternatives"",""https://www.firecrawl.dev/blog/apify-alternatives""]"
0,Planhat,Series A,https://www.planhat.com,unqualified,"Found 6 comparison page(s): Choose Planhat, not Gainsight.; Choose Planhat, not ChurnZero.; Choose Planhat, not Vitally.; Choose Planhat, not Totango.; Choose Planhat, not Catalyst.; A Richly Sourced Comparison of Two Customer Success Leaders  | Planhat","[""https://planhat.com/request-a-demo/vs-gainsight"",""https://planhat.com/request-a-demo/vs-churnzero"",""https://planhat.com/request-a-demo/vs-vitally"",""https://planhat.com/request-a-demo/vs-totango"",""https://planhat.com/request-a-demo/vs-catalyst"",""https://planhat.com/editorial/a-richly-sourced-comparison-of-two-customer-success-leaders""]"
0,Xata.io,Series A,https://www.xata.io/,unqualified,Found 3 comparison page(s): Neon versus Xata; PostgreSQL Branching: Xata vs. Neon vs. Supabase - Part 1 by Alex Francoeur; Full-text search engine with PostgreSQL (part 2): Postgres ...,"[""https://xata.io/versus-neon"",""https://xata.io/blog/neon-vs-supabase-vs-xata-postgres-branching-part-1"",""https://xata.io/blog/postgres-full-text-search-postgres-vs-elasticsearch""]"
0,Cledara,Series A,http://www.cledara.com,unqualified,Found 4 comparison page(s): Zluri vs. Cledara: Why Finance Teams Are Choosing ...; Cledara Comparisons; 8 Best Productiv Competitors; Top 7 BetterCloud Competitors in 2022,"[""https://www.cledara.com/blog/zluri-vs-cledara"",""https://www.cledara.com/blog-categories/cledara-comparisons"",""https://www.cledara.com/blog/8-best-productiv-competitors"",""https://www.cledara.com/blog/bettercloud-competitors""]"
0,IMTC,Series A,https://imtc.com,unqualified,Found 2 comparison page(s): Optimize bond portfolios better than InvestorTools; CUSIPs vs. Characteristics: Managing Fixed Income Portfolios to a Model,"[""https://imtc.com/campaigns/investortools-imtc-comparison/"",""https://imtc.com/insights/fixed-income-model-portfolio-management/""]"
0,Oneleet,Series A,https://oneleet.com,unqualified,Found 2 comparison page(s): Personal vs company workstations - Oneleet Docs; Network Security vs Data Security: What’s the Difference?,"[""https://docs.oneleet.com/guides/personal-vs-company-workstations"",""https://www.oneleet.com/blog/network-security-vs-data-security""]"
0,Revv,Series A,https://www.revvhq.com/,unqualified,Found 2 comparison page(s): Static vs Dynamic ADAS Calibration: Key Differences and Best Practices for Auto Shops | Revv; Dealing with Gray Areas: 'May' vs 'Must' in OEM Procedures,"[""https://www.revvhq.com/blog/static-vs-dynamic-adas-calibration"",""https://www.revvhq.com/blog/oem-procedures-may-vs-must-adas-calibration""]"
0,GLIDER.ai,Series A,http://glider.ai,unqualified,Found 2 comparison page(s): Product Comparison; Glider AI a Better Alternative to Hackerrank,"[""https://glider.ai/product-comparisons-2/"",""https://glider.ai/hackerrank-alternative-2/""]"
0,Pipe17,Series A,https://pipe17.com,unqualified,Found 3 comparison page(s): Pipe17 Order Hub vs iPaaS; Which Order Management System Is Right for You?; Shopify and Pipe17: The Modern Alternative to Legacy OMS,"[""https://pipe17.com/compare/ipaas/"",""https://pipe17.com/blog/which-order-management-system-is-right-for-you-homegrown-vs-traditional-vs-modern/"",""https://pipe17.com/blog/why-brands-are-reimagining-the-back-office-with-shopify-and-pipe17/""]"
0,Mobot,Series A,https://mobot.io/,unqualified,Found 6 comparison page(s): Mobot vs Kobiton; Mobot vs Rainforest QA; Mobot vs Sauce Labs; Mobot vs Waldo; Mobot vs Testlio; How Mobot Stacks Up,"[""https://www.mobot.io/compare/mobot-vs-kobiton"",""https://www.mobot.io/compare/mobot-vs-rainforest-qa"",""https://www.mobot.io/compare/mobot-vs-sauce-labs"",""https://www.mobot.io/compare/mobot-vs-waldo"",""https://www.mobot.io/compare/mobot-vs-testilio"",""https://www.mobot.io/competitor-comparison""]"
0,Katalon,Series A,http://www.katalon.com,unqualified,Found 10 comparison page(s): Katalon vs Cypress: Which Test Automation Tool Should You Choose?; Katalon vs TestComplete: Which Is Best for 2025?; Katalon vs Selenium: In-Depth Comparison for 2025; Katalon vs Sauce Labs: Side-by-Side Comparison for Enterprise QA Teams; Top 12 Applitools Alternatives For UI Testing; Top 12 TestComplete Alternatives For Better Testing; Top 3 SoapUI Alternatives for API Testing in 2025; Top 12 Perfecto Alternatives for Faster Cloud & Mobile ...; 15 Best Automated API Testing Tools (Compared for 2026); Best Automation Testing Tools for 2026: Top 16 Compared,"[""https://katalon.com/resources-center/blog/katalon-vs-cypress"",""https://katalon.com/resources-center/blog/katalon-vs-testcomplete-comparison"",""https://katalon.com/resources-center/blog/katalon-studio-vs-selenium-based-open-source-frameworks"",""https://katalon.com/resources-center/blog/katalon-vs-sauce-labs"",""https://katalon.com/resources-center/blog/applitools-alternatives"",""https://katalon.com/resources-center/blog/testcomplete-alternatives"",""https://katalon.com/resources-center/blog/soapui-alternatives-api-testing"",""https://katalon.com/resources-center/blog/best-perfecto-alternatives"",""https://katalon.com/resources-center/blog/top-5-free-api-testing-tools"",""https://katalon.com/resources-center/blog/automation-testing-tools""]"
0,OnRamp,Series A,https://OnRamp.us,unqualified,Found 1 comparison page(s): OnRamp vs GuideCX,"[""https://onramp.us/guidecx-alternative""]"
0,Muck Rack,Series A,http://muckrack.com,unqualified,"Found 1 comparison page(s): A Full, Modern Cision Replacement","[""https://muckrack.com/cision-alternative""]"
0,Rattle,Series A,https://www.gorattle.com/,unqualified,Found 7 comparison page(s): Rattle vs Slack Sales Elevate; Rattle Alternatives | Sweep; Rattle vs. Slack Sales Elevate; Rattle Alternatives | Momentum; Comparison - Scratchpad; Top Troops Alternative - How Rattle Compares; Switch from Troops to Rattle,"[""https://www.gorattle.com/comparison-slack-sales-elevate"",""https://www.gorattle.com/rattle-vs-sweep"",""https://www.gorattle.com/rattle-vs-slack-elevate"",""https://www.gorattle.com/rattle-vs-momentum"",""https://www.gorattle.com/rattle-vs-scratchpad"",""https://www.gorattle.com/rattle-vs-troops"",""https://www.gorattle.com/troops-alternative-rattle""]"